{"cameraMode":{"drawMode":0,"name":"Shaded","section":"Shading Mode"},"sceneLighting":true,"audioPlay":false,"sceneViewState":{"showFog":true,"showMaterialUpdate":true,"showSkybox":true,"showFlares":true,"showImageEffects":true,"showParticleSystems":true},"in2DMode":false,"pivot":{"x":2.2221262454986574,"y":3.547018527984619,"z":-0.1330922245979309},"rotation":{"x":-0.016390914097428323,"y":0.6911025643348694,"z":-0.015862230211496354,"w":-0.7224392294883728},"size":1.8817615509033204,"orthographic":false}